File_name,flash percent,flash,ram,Code,RO_data,RW_data,ZI_data
c_w.l,10.889514%,5613,96,5420,193,0,96
data_table.o,9.382093%,4836,0,36,4800,0,0
fz_ws.l,8.039577%,4144,0,4144,0,0,0
tasks.o,6.347851%,3272,1280,3212,0,60,1220
queue.o,5.792996%,2986,64,2986,0,0,64
stm32f1xx_hal_tim.o,4.279756%,2206,0,2206,0,0,0
btod.o,3.755941%,1936,0,1936,0,0,0
stm32f1xx_hal_rcc.o,3.558056%,1834,0,1816,18,0,0
stm32f1xx_hal_uart.o,2.937239%,1514,0,1514,0,0,0
stm32f1xx_hal_adc.o,2.770395%,1428,0,1428,0,0,0
rs485.o,2.766515%,1426,60,1110,256,60,0
timers.o,2.595790%,1338,300,1318,0,20,280
_printf_fp_dec.o,2.044815%,1054,0,1054,0,0,0
freertos.o,1.928412%,994,20,762,212,20,0
port.o,1.680085%,866,12,854,0,12,0
servo_control.o,1.652925%,852,348,756,0,96,252
usart.o,1.633524%,842,560,834,0,8,552
stm32f1xx_hal_gpio.o,1.575323%,812,0,812,0,0,0
daddsub_clz.o,1.559802%,804,0,804,0,0,0
stm32f1xx_hal_dma.o,1.555922%,802,0,802,0,0,0
heap_4.o,1.466680%,756,10272,724,0,32,10240
tim.o,1.458919%,752,144,752,0,0,144
ddiv.o,1.334756%,688,0,688,0,0,0
cmsis_os2.o,1.237753%,638,1724,634,0,4,1720
stm32f1xx_hal_rcc_ex.o,1.113590%,574,0,556,18,0,0
faddsub_clz.o,0.873024%,450,0,450,0,0,0
adc.o,0.822582%,424,116,424,0,0,116
fdiv.o,0.752740%,388,0,388,0,0,0
bigflt0.o,0.729460%,376,0,228,148,0,0
adc_m.o,0.682898%,352,68,344,0,8,60
dmul.o,0.659618%,340,0,340,0,0,0
__printf_flags_wp.o,0.638277%,329,0,312,17,0,0
startup_stm32f103xb.o,0.582016%,300,1536,64,236,0,1536
main.o,0.554855%,286,0,286,0,0,0
stm32f1xx_hal_adc_ex.o,0.550975%,284,0,284,0,0,0
fmul.o,0.500534%,258,0,258,0,0,0
stm32f1xx_hal_tim_ex.o,0.488893%,252,0,252,0,0,0
stm32f1xx_hal_cortex.o,0.488893%,252,0,252,0,0,0
stm32f1xx_hal_timebase_tim.o,0.349209%,180,72,180,0,0,72
dnaninf.o,0.302648%,156,0,156,0,0,0
list.o,0.287128%,148,0,148,0,0,0
fcmp4.o,0.275487%,142,0,142,0,0,0
fnaninf.o,0.271607%,140,0,140,0,0,0
gpio.o,0.271607%,140,0,140,0,0,0
rt_memcpy_v6.o,0.267727%,138,0,138,0,0,0
lludiv10.o,0.267727%,138,0,138,0,0,0
init_alloc.o,0.267727%,138,0,138,0,0,0
strcmpv7m.o,0.248327%,128,0,128,0,0,0
_printf_fp_infnan.o,0.248327%,128,0,128,0,0,0
stm32f1xx_hal.o,0.242507%,125,9,116,0,9,0
m_ws.l,0.232806%,120,0,120,0,0,0
dleqf.o,0.232806%,120,0,120,0,0,0
fleqf.o,0.201765%,104,0,104,0,0,0
feqf.o,0.201765%,104,0,104,0,0,0
stm32f1xx_it.o,0.197885%,102,0,102,0,0,0
rt_memcpy_w.o,0.194005%,100,0,100,0,0,0
dma.o,0.194005%,100,0,100,0,0,0
frleqf.o,0.190125%,98,0,98,0,0,0
stm32f1xx_hal_msp.o,0.186245%,96,0,96,0,0,0
h1_alloc.o,0.182365%,94,0,94,0,0,0
__dczerorl2.o,0.174605%,90,0,90,0,0,0
f2d.o,0.166845%,86,0,86,0,0,0
defsig_rtmem_inner.o,0.155204%,80,0,80,0,0,0
rt_memclr_w.o,0.151324%,78,0,78,0,0,0
h1_free.o,0.151324%,78,0,78,0,0,0
sys_stackheap_outer.o,0.143564%,74,0,74,0,0,0
lc_numeric_c.o,0.139684%,72,0,44,28,0,0
rt_memclr.o,0.131924%,68,0,68,0,0,0
ffixu.o,0.120283%,62,0,62,0,0,0
ffix.o,0.104763%,54,0,54,0,0,0
h1_extend.o,0.100883%,52,0,52,0,0,0
__scatter.o,0.100883%,52,0,52,0,0,0
defsig_general.o,0.097003%,50,0,50,0,0,0
_printf_char_common.o,0.093123%,48,0,48,0,0,0
fpclassify.o,0.077602%,40,0,40,0,0,0
fminf.o,0.077602%,40,0,40,0,0,0
fmaxf.o,0.077602%,40,0,40,0,0,0
fflt_clz.o,0.073722%,38,0,38,0,0,0
dflt_clz.o,0.073722%,38,0,38,0,0,0
_printf_char_file.o,0.069842%,36,0,36,0,0,0
system_stm32f1xx.o,0.058202%,30,4,2,24,4,0
__scatter_zi.o,0.054321%,28,0,28,0,0,0
libinit2.o,0.050441%,26,0,26,0,0,0
fcmpi.o,0.046561%,24,0,24,0,0,0
dcmpi.o,0.046561%,24,0,24,0,0,0
noretval__2printf.o,0.046561%,24,0,24,0,0,0
exit.o,0.034921%,18,0,18,0,0,0
aeabi_memset.o,0.031041%,16,0,16,0,0,0
sys_wrch.o,0.027161%,14,0,14,0,0,0
h1_init.o,0.027161%,14,0,14,0,0,0
defsig_rtmem_outer.o,0.027161%,14,0,14,0,0,0
__printf_wp.o,0.027161%,14,0,14,0,0,0
dretinf.o,0.023281%,12,0,12,0,0,0
__rtentry2.o,0.023281%,12,0,12,0,0,0
fretinf.o,0.019401%,10,0,10,0,0,0
rtexit2.o,0.019401%,10,0,10,0,0,0
defsig_exit.o,0.019401%,10,0,10,0,0,0
rt_locale_intlibspace.o,0.015520%,8,0,8,0,0,0
libspace.o,0.015520%,8,96,8,0,0,96
ferror.o,0.015520%,8,0,8,0,0,0
__main.o,0.015520%,8,0,8,0,0,0
heapauxi.o,0.011640%,6,0,6,0,0,0
_printf_f.o,0.011640%,6,0,6,0,0,0
__rtentry4.o,0.011640%,6,0,6,0,0,0
printf1.o,0.007760%,4,0,4,0,0,0
hguard.o,0.007760%,4,0,4,0,0,0
_printf_percent_end.o,0.007760%,4,0,4,0,0,0
use_no_semi.o,0.003880%,2,0,2,0,0,0
rtexit.o,0.003880%,2,0,2,0,0,0
libshutdown2.o,0.003880%,2,0,2,0,0,0
libshutdown.o,0.003880%,2,0,2,0,0,0
libinit.o,0.003880%,2,0,2,0,0,0
